bucket,calibration,filter_rate,gate,gate_recall_on_positive_tiles,label,mAP@0.50,mAP@0.55,mAP@0.5:0.95,mAP@0.60,mAP@0.65,mAP@0.70,mAP@0.75,mAP@0.80,mAP@0.85,mAP@0.90,mAP@0.95,n_classes,n_gt_tiles,n_tiles,stratum,threshold
high,temperature,0.0,real,1.0,gate_resnet18_temperature,0.8310190815911683,0.8194874398514729,0.474161793808458,0.8049084772760301,0.7556996398913418,0.6590766538555671,0.4940538590941774,0.28193209135984537,0.08433752956972015,0.010997648826883727,0.0001055167683731073,1,1335,1335,gsd_bucket,0.0
low,temperature,0.0,real,1.0,gate_resnet18_temperature,0.293156345996506,0.267587334555988,0.13490339908332907,0.2400854650420374,0.20724105718226632,0.15663426330912936,0.11048982526995355,0.05076589303226815,0.021636324033405846,0.0013848175707839934,5.2664840952180324e-05,1,2209,2209,gsd_bucket,0.0
medium,temperature,0.0,real,1.0,gate_resnet18_temperature,0.6452851136568879,0.5898982199775812,0.31900135731978796,0.527777525711809,0.4915759660753162,0.4230740759331123,0.3279505093203778,0.16384697289703823,0.018984491841693308,0.0016206977840641206,0.0,1,389,389,gsd_bucket,0.0
unknown,temperature,0.0,real,1.0,gate_resnet18_temperature,0.6452882996190882,0.6046577023880336,0.32332193853677826,0.5549392645429868,0.5115285347415278,0.36559420682366345,0.2944015406219213,0.1886129172629961,0.062267382431025094,0.005222323358039368,0.0007072135785007071,1,134,134,gsd_bucket,0.0
very_high,temperature,0.0,real,1.0,gate_resnet18_temperature,0.9098161010516612,0.8973387571300555,0.5722043156833658,0.8774388695837865,0.8545142192227422,0.8059437809132163,0.703413583663488,0.47704074265476903,0.17849236115189915,0.017964026868841538,8.071459319845028e-05,1,1143,1143,gsd_bucket,0.0
very_low,temperature,0.0,real,nan,gate_resnet18_temperature,0.0,,0.0,,,,,,,,,0,87,87,gsd_bucket,0.0
high,temperature,0.4651685393258427,real,0.984375,gate_resnet18_temperature,0.831027577382466,0.8194958392020875,0.4741661120621602,0.8049237853800068,0.7557089955791307,0.6590793591891545,0.49405355543200574,0.28193137684188324,0.0843374660196108,0.010997648826883727,0.0001055167683731073,1,1335,1335,gsd_bucket,0.05
low,temperature,0.6559529198732458,real,0.9139784946236559,gate_resnet18_temperature,0.2825921000829369,0.25200773089561984,0.12930055662655474,0.23001956283673233,0.19922070021721797,0.14876260992513005,0.10807233564650956,0.04906518949268823,0.022296698018354693,0.000913937547600914,5.4701602756960775e-05,1,2209,2209,gsd_bucket,0.05
medium,temperature,0.6118251928020566,real,1.0,gate_resnet18_temperature,0.6453893322934552,0.5899705768962231,0.3190365397831395,0.5278235154455854,0.4916163193228179,0.423109734806971,0.3279800659087386,0.16386760313678642,0.018987552236753587,0.0016206977840641206,0.0,1,389,389,gsd_bucket,0.05
unknown,temperature,0.5895522388059702,real,0.9795918367346939,gate_resnet18_temperature,0.6371396460328181,0.6047867193542951,0.32276011454475406,0.555923746119442,0.5122446471359838,0.3659492459382734,0.29464943821486017,0.18871078328430277,0.062267382431025094,0.005222323358039368,0.0007072135785007071,1,134,134,gsd_bucket,0.05
very_high,temperature,0.5774278215223098,real,0.9294117647058824,gate_resnet18_temperature,0.9006641208052563,0.8883627478644902,0.5673796264128289,0.8770266401767339,0.8458308162640217,0.7978141951547544,0.6959764801849035,0.4715537508468615,0.17851816974964232,0.01796862848842687,8.071459319845028e-05,1,1143,1143,gsd_bucket,0.05
very_low,temperature,0.9540229885057471,real,nan,gate_resnet18_temperature,0.0,,0.0,,,,,,,,,0,87,87,gsd_bucket,0.05
high,temperature,0.5415730337078651,real,0.96875,gate_resnet18_temperature,0.8310245928058974,0.819513033837574,0.47417263706770185,0.8049407657830581,0.7557233133297678,0.6590901075335645,0.4940597653984397,0.2819338126814806,0.08433781371198033,0.010997648826883727,0.0001055167683731073,1,1335,1335,gsd_bucket,0.1
low,temperature,0.7799909461294704,real,0.8333333333333334,gate_resnet18_temperature,0.27579205874532425,0.2453816335809784,0.12646676643699833,0.2236408615626102,0.19383230408411561,0.14863477281933377,0.10501448390287418,0.04907155584299027,0.02233043274427372,0.000913937547600914,5.5623539882078096e-05,1,2209,2209,gsd_bucket,0.1
medium,temperature,0.7197943444730077,real,0.9787234042553191,gate_resnet18_temperature,0.638558798632704,0.5906423703581128,0.3168535263256128,0.5278357037428087,0.4918383967763992,0.41716207061796695,0.32293425585207436,0.15993998596863906,0.018001250156744614,0.001622431150678093,0.0,1,389,389,gsd_bucket,0.1
unknown,temperature,0.6194029850746269,real,0.9795918367346939,gate_resnet18_temperature,0.6371396460328181,0.6047867193542951,0.32276011454475406,0.555923746119442,0.5122446471359838,0.3659492459382734,0.29464943821486017,0.18871078328430277,0.062267382431025094,0.005222323358039368,0.0007072135785007071,1,134,134,gsd_bucket,0.1
very_high,temperature,0.663167104111986,real,0.8941176470588236,gate_resnet18_temperature,0.9005553958695963,0.888188439680486,0.5672545740297291,0.8768427631678571,0.8455612588351243,0.7976008510084913,0.6957431981185055,0.47148877256502725,0.17851111336940328,0.017973233089602126,8.071459319845028e-05,1,1143,1143,gsd_bucket,0.1
very_low,temperature,0.9885057471264368,real,nan,gate_resnet18_temperature,0.0,,0.0,,,,,,,,,0,87,87,gsd_bucket,0.1
high,temperature,0.5857677902621723,real,0.9583333333333334,gate_resnet18_temperature,0.8310282259941733,0.8195111960424722,0.4741857549803652,0.8049463989202219,0.7557767328704507,0.659127155629967,0.494082224915869,0.28194258531795696,0.08433973625127972,0.010997777092888296,0.0001055167683731073,1,1335,1335,gsd_bucket,0.15000000000000002
low,temperature,0.8424626527840652,real,0.7473118279569892,gate_resnet18_temperature,0.2583912749746104,0.22947341143008856,0.12045014330447498,0.20878893477965793,0.18712436272623817,0.14270329973133475,0.10480953806234397,0.049368265438157186,0.022826621674232283,0.0009581603321622484,5.7563895924476166e-05,1,2209,2209,gsd_bucket,0.15000000000000002
medium,temperature,0.7634961439588689,real,0.9787234042553191,gate_resnet18_temperature,0.638558798632704,0.5906423703581128,0.3168535263256128,0.5278357037428087,0.4918383967763992,0.41716207061796695,0.32293425585207436,0.15993998596863906,0.018001250156744614,0.001622431150678093,0.0,1,389,389,gsd_bucket,0.15000000000000002
unknown,temperature,0.6492537313432836,real,0.9387755102040817,gate_resnet18_temperature,0.6371396460328181,0.6047867193542951,0.32276011454475406,0.555923746119442,0.5122446471359838,0.3659492459382734,0.29464943821486017,0.18871078328430277,0.062267382431025094,0.005222323358039368,0.0007072135785007071,1,134,134,gsd_bucket,0.15000000000000002
very_high,temperature,0.7086614173228346,real,0.8823529411764706,gate_resnet18_temperature,0.9004761612770475,0.8880422408160242,0.5663273097667324,0.8681325672171668,0.8454808828254208,0.7975086650695322,0.6956561927062019,0.4714170509307752,0.17850368305813838,0.01797493917381855,8.071459319845028e-05,1,1143,1143,gsd_bucket,0.15000000000000002
very_low,temperature,1.0,real,nan,gate_resnet18_temperature,0.0,,0.0,,,,,,,,,0,87,87,gsd_bucket,0.15000000000000002
high,temperature,0.6254681647940075,real,0.9453125,gate_resnet18_temperature,0.8310065412157901,0.8194887222345508,0.4732834043559901,0.796034008304261,0.7557200731260459,0.6591204239424637,0.49407869633930107,0.28194163905682545,0.08434064547940112,0.010997777092888296,0.0001055167683731073,1,1335,1335,gsd_bucket,0.2
low,temperature,0.8687188773200544,real,0.7150537634408602,gate_resnet18_temperature,0.2520863743266648,0.22938321355576693,0.12000973892055748,0.2098978990657369,0.1875784921594245,0.14325198298825362,0.10479852014644155,0.049179148091391955,0.022905012799501565,0.0009581603321622484,5.8585740230827815e-05,1,2209,2209,gsd_bucket,0.2
medium,temperature,0.794344473007712,real,0.9574468085106383,gate_resnet18_temperature,0.6377144507438173,0.58258811799572,0.31461663086968616,0.526849107897644,0.4845374251560622,0.41560235947785795,0.320984444390407,0.15808491798918156,0.01818217624151143,0.001623308804659851,0.0,1,389,389,gsd_bucket,0.2
unknown,temperature,0.6567164179104478,real,0.9387755102040817,gate_resnet18_temperature,0.6371396460328181,0.6047867193542951,0.32276011454475406,0.555923746119442,0.5122446471359838,0.3659492459382734,0.29464943821486017,0.18871078328430277,0.062267382431025094,0.005222323358039368,0.0007072135785007071,1,134,134,gsd_bucket,0.2
very_high,temperature,0.7305336832895888,real,0.8666666666666667,gate_resnet18_temperature,0.9003075639497635,0.8879114442916982,0.5662403269475783,0.8679765286636266,0.8452994298804635,0.7972920246231963,0.6955539806453237,0.4715512106158907,0.17844855943725269,0.017981812775369754,8.071459319845028e-05,1,1143,1143,gsd_bucket,0.2
very_low,temperature,1.0,real,nan,gate_resnet18_temperature,0.0,,0.0,,,,,,,,,0,87,87,gsd_bucket,0.2
high,temperature,0.648689138576779,real,0.9375,gate_resnet18_temperature,0.8310489066970953,0.8195244199452731,0.47330860052854173,0.7960718573710406,0.7557805593847637,0.6591621786200554,0.4941020557660979,0.28194964192735106,0.08434309171247842,0.010997777092888296,0.0001055167683731073,1,1335,1335,gsd_bucket,0.25
low,temperature,0.8899954730647351,real,0.6559139784946236,gate_resnet18_temperature,0.2432760153793377,0.22094210997792987,0.11546300628752379,0.20158806724198433,0.18032530081466294,0.13755121946446378,0.10123403256171613,0.04600876302022617,0.022686749564086253,0.0009581603321622484,5.9644518668734345e-05,1,2209,2209,gsd_bucket,0.25
medium,temperature,0.8226221079691517,real,0.9148936170212766,gate_resnet18_temperature,0.6373576868100649,0.5822004417517398,0.313899766010501,0.5200178423407348,0.48470253295078825,0.41572232957737254,0.3210614222422018,0.1581235467254994,0.018187663810221102,0.0016241938963872174,0.0,1,389,389,gsd_bucket,0.25
unknown,temperature,0.6567164179104478,real,0.9387755102040817,gate_resnet18_temperature,0.6371396460328181,0.6047867193542951,0.32276011454475406,0.555923746119442,0.5122446471359838,0.3659492459382734,0.29464943821486017,0.18871078328430277,0.062267382431025094,0.005222323358039368,0.0007072135785007071,1,134,134,gsd_bucket,0.25
very_high,temperature,0.7506561679790026,real,0.8352941176470589,gate_resnet18_temperature,0.9000323203724137,0.8791370712887678,0.5653627174626039,0.8679331488074941,0.8454317537334105,0.7973944349906767,0.6955575824352375,0.4715864890760111,0.1784825311597248,0.017991128169104174,8.071459319845028e-05,1,1143,1143,gsd_bucket,0.25
very_low,temperature,1.0,real,nan,gate_resnet18_temperature,0.0,,0.0,,,,,,,,,0,87,87,gsd_bucket,0.25
high,temperature,0.6651685393258427,real,0.9322916666666666,gate_resnet18_temperature,0.8310319080851089,0.8195055918434695,0.4733010037148257,0.796057880782165,0.7557644890590978,0.6591544117404399,0.49410106306867835,0.28194739579407135,0.08434400291396477,0.010997777092888296,0.0001055167683731073,1,1335,1335,gsd_bucket,0.30000000000000004
low,temperature,0.9040289723856949,real,0.6021505376344086,gate_resnet18_temperature,0.23562049881037547,0.21362783212393452,0.1127115166134596,0.1955942026902906,0.17474412242739976,0.1369990255656546,0.10088459705778643,0.04592932533639317,0.022697395789999172,0.0009581603321622484,6.000600060006001e-05,1,2209,2209,gsd_bucket,0.30000000000000004
medium,temperature,0.8431876606683805,real,0.8723404255319149,gate_resnet18_temperature,0.6373509384148606,0.5821920518549993,0.3138962094238392,0.5200178423407348,0.48470253295078825,0.41572232957737254,0.3210614222422018,0.15810311915082703,0.018187663810221102,0.0016241938963872174,0.0,1,389,389,gsd_bucket,0.30000000000000004
unknown,temperature,0.6716417910447762,real,0.8979591836734694,gate_resnet18_temperature,0.6363982249444154,0.5957904863322845,0.32199549853361403,0.5550485912801111,0.5111852520447975,0.367810901589052,0.29589186802142203,0.18942835390468457,0.06246517226197523,0.005228921378897033,0.0007072135785007071,1,134,134,gsd_bucket,0.30000000000000004
very_high,temperature,0.7629046369203849,real,0.8196078431372549,gate_resnet18_temperature,0.8999766441448208,0.8790536159404555,0.5653193256914606,0.8678888979416757,0.8453123175900152,0.7973508959148152,0.695554147103144,0.471554454866743,0.1784600460739875,0.01796152274575044,8.071459319845028e-05,1,1143,1143,gsd_bucket,0.30000000000000004
very_low,temperature,1.0,real,nan,gate_resnet18_temperature,0.0,,0.0,,,,,,,,,0,87,87,gsd_bucket,0.30000000000000004
high,temperature,0.6764044943820224,real,0.9270833333333334,gate_resnet18_temperature,0.8310290073961591,0.8195055918434695,0.47330059798137086,0.7960578292022957,0.7557649422867652,0.6591528534470424,0.49410106306867835,0.28194739579407135,0.08434400291396477,0.010997777092888296,0.0001055167683731073,1,1335,1335,gsd_bucket,0.35000000000000003
low,temperature,0.9148936170212766,real,0.5752688172043011,gate_resnet18_temperature,0.24072531497505537,0.21789487294360613,0.11471244721723686,0.19921171284234399,0.17752114273173447,0.13935801003695494,0.10219456939574596,0.046399368504456154,0.02279865591601177,0.0009581603321622484,6.266449429753102e-05,1,2209,2209,gsd_bucket,0.35000000000000003
medium,temperature,0.8457583547557841,real,0.8723404255319149,gate_resnet18_temperature,0.6373509384148606,0.5821920518549993,0.3138962094238392,0.5200178423407348,0.48470253295078825,0.41572232957737254,0.3210614222422018,0.15810311915082703,0.018187663810221102,0.0016241938963872174,0.0,1,389,389,gsd_bucket,0.35000000000000003
unknown,temperature,0.6716417910447762,real,0.8979591836734694,gate_resnet18_temperature,0.6363982249444154,0.5957904863322845,0.32199549853361403,0.5550485912801111,0.5111852520447975,0.367810901589052,0.29589186802142203,0.18942835390468457,0.06246517226197523,0.005228921378897033,0.0007072135785007071,1,134,134,gsd_bucket,0.35000000000000003
very_high,temperature,0.7716535433070866,real,0.807843137254902,gate_resnet18_temperature,0.8909298205927275,0.8788848248718382,0.5634151811222486,0.8676360085394591,0.836655132627609,0.7972719256540679,0.6956557724149429,0.4713963189312593,0.1785332852984894,0.017108007698894374,8.071459319845028e-05,1,1143,1143,gsd_bucket,0.35000000000000003
very_low,temperature,1.0,real,nan,gate_resnet18_temperature,0.0,,0.0,,,,,,,,,0,87,87,gsd_bucket,0.35000000000000003
high,temperature,0.6831460674157304,real,0.9244791666666666,gate_resnet18_temperature,0.8310290073961591,0.8195055918434695,0.47330059798137086,0.7960578292022957,0.7557649422867652,0.6591528534470424,0.49410106306867835,0.28194739579407135,0.08434400291396477,0.010997777092888296,0.0001055167683731073,1,1335,1335,gsd_bucket,0.4
low,temperature,0.9253055681303758,real,0.5376344086021505,gate_resnet18_temperature,0.23936689707568154,0.21052926171210468,0.11307099840345247,0.19710920485358766,0.17659276778007416,0.13485430630223066,0.10210548026801089,0.046296091513530015,0.02283475056593919,0.0009581603321622484,6.306363120388472e-05,1,2209,2209,gsd_bucket,0.4
medium,temperature,0.8560411311053985,real,0.8723404255319149,gate_resnet18_temperature,0.6373509384148606,0.5821920518549993,0.3138962094238392,0.5200178423407348,0.48470253295078825,0.41572232957737254,0.3210614222422018,0.15810311915082703,0.018187663810221102,0.0016241938963872174,0.0,1,389,389,gsd_bucket,0.4
unknown,temperature,0.6716417910447762,real,0.8979591836734694,gate_resnet18_temperature,0.6363982249444154,0.5957904863322845,0.32199549853361403,0.5550485912801111,0.5111852520447975,0.367810901589052,0.29589186802142203,0.18942835390468457,0.06246517226197523,0.005228921378897033,0.0007072135785007071,1,134,134,gsd_bucket,0.4
very_high,temperature,0.7821522309711286,real,0.796078431372549,gate_resnet18_temperature,0.8908137693943489,0.8787616529540717,0.5633088748555661,0.8675222151057324,0.8364985667182276,0.797049319586422,0.6955254824200299,0.47130762024671663,0.17841749893808811,0.017111908598825533,8.071459319845028e-05,1,1143,1143,gsd_bucket,0.4
very_low,temperature,1.0,real,nan,gate_resnet18_temperature,0.0,,0.0,,,,,,,,,0,87,87,gsd_bucket,0.4
high,temperature,0.6921348314606741,real,0.921875,gate_resnet18_temperature,0.831024277063418,0.8195012134837265,0.473330163323922,0.7961369953260804,0.7558400525180647,0.6592189338280157,0.4941502317272677,0.2819740531070234,0.08435221491414321,0.010998144503107227,0.0001055167683731073,1,1335,1335,gsd_bucket,0.45
low,temperature,0.9325486645540969,real,0.521505376344086,gate_resnet18_temperature,0.2330209754291094,0.2104168852184815,0.11250335533289871,0.19707375524827633,0.17622071997618938,0.13551574109142359,0.1024855943668401,0.046418327045722234,0.022859517265304594,0.0009581603321622484,6.387735547748324e-05,1,2209,2209,gsd_bucket,0.45
medium,temperature,0.8637532133676092,real,0.8723404255319149,gate_resnet18_temperature,0.6373509384148606,0.5821920518549993,0.3138962094238392,0.5200178423407348,0.48470253295078825,0.41572232957737254,0.3210614222422018,0.15810311915082703,0.018187663810221102,0.0016241938963872174,0.0,1,389,389,gsd_bucket,0.45
unknown,temperature,0.6865671641791045,real,0.8571428571428571,gate_resnet18_temperature,0.6363982249444154,0.5957904863322845,0.32199549853361403,0.5550485912801111,0.5111852520447975,0.367810901589052,0.29589186802142203,0.18942835390468457,0.06246517226197523,0.005228921378897033,0.0007072135785007071,1,134,134,gsd_bucket,0.45
very_high,temperature,0.7917760279965005,real,0.7803921568627451,gate_resnet18_temperature,0.8908083376106894,0.8787395011753925,0.5625553082561393,0.8674916294061252,0.8364869438677761,0.7969801769883886,0.6882999887619147,0.47122069242397874,0.1783327054000204,0.01711239233390915,8.071459319845028e-05,1,1143,1143,gsd_bucket,0.45
very_low,temperature,1.0,real,nan,gate_resnet18_temperature,0.0,,0.0,,,,,,,,,0,87,87,gsd_bucket,0.45
high,temperature,0.695880149812734,real,0.9140625,gate_resnet18_temperature,0.831015659466897,0.8194857927475014,0.47334107381824636,0.7961710082420803,0.7558803395836097,0.6592474458614396,0.4941614540686598,0.28198974344131,0.0843555051638038,0.010998272838788447,0.0001055167683731073,1,1335,1335,gsd_bucket,0.5
low,temperature,0.9388863739248529,real,0.4946236559139785,gate_resnet18_temperature,0.22465631030375544,0.20261448683593244,0.10846124558409828,0.1896596108729213,0.16916980277614044,0.13313239537314872,0.09828904876469459,0.04327402033700433,0.02277646310081467,0.0009738678785911378,6.644959797993221e-05,1,2209,2209,gsd_bucket,0.5
medium,temperature,0.8688946015424165,real,0.851063829787234,gate_resnet18_temperature,0.6292065168191847,0.5815012747322721,0.31277217757004877,0.5188897224798306,0.48365461747186667,0.4152215721068942,0.3212362834195451,0.15818632423515647,0.018200377914927467,0.0016250865208101357,0.0,1,389,389,gsd_bucket,0.5
unknown,temperature,0.6940298507462687,real,0.8367346938775511,gate_resnet18_temperature,0.6360086942402823,0.5951942084375288,0.32049379436074543,0.5467774634654571,0.502814267933292,0.36899519303956935,0.2967217777683045,0.18991717115337495,0.06256632553319294,0.00523562845795069,0.0007072135785007071,1,134,134,gsd_bucket,0.5
very_high,temperature,0.8066491688538933,real,0.7529411764705882,gate_resnet18_temperature,0.8905899752581222,0.8783704504763992,0.5607405445739005,0.8585146429854814,0.8360602194903335,0.7884898211430652,0.6881571901139047,0.4712442609162224,0.1787502927085472,0.017147658122959788,8.093452397010818e-05,1,1143,1143,gsd_bucket,0.5
very_low,temperature,1.0,real,nan,gate_resnet18_temperature,0.0,,0.0,,,,,,,,,0,87,87,gsd_bucket,0.5
high,temperature,0.702621722846442,real,0.9010416666666666,gate_resnet18_temperature,0.8309929097780294,0.8194647122037927,0.4733318655987123,0.7961613926413779,0.755832960583531,0.6592096645159237,0.4941730106726428,0.28201594263806157,0.0843637773593416,0.010998768826049232,0.0001055167683731073,1,1335,1335,gsd_bucket,0.55
low,temperature,0.9434133091896786,real,0.4731182795698925,gate_resnet18_temperature,0.2231174954543088,0.20110139708199354,0.10605999882227406,0.18278719528476223,0.16259764555605155,0.12779577622383972,0.09723740344296682,0.0429147038907185,0.02199091860405553,0.0009900990099009901,6.73536741429245e-05,1,2209,2209,gsd_bucket,0.55
medium,temperature,0.8740359897172236,real,0.851063829787234,gate_resnet18_temperature,0.6297548095917745,0.5819268563629492,0.3129605962606267,0.5192057620004006,0.48388951408143316,0.4154076552405535,0.3213436945049102,0.1582457245619299,0.018205959487814706,0.001625986774501626,0.0,1,389,389,gsd_bucket,0.55
unknown,temperature,0.7164179104477612,real,0.7755102040816326,gate_resnet18_temperature,0.6066688377763759,0.5741988775435098,0.3052587267007246,0.5261170755569391,0.4823875179130604,0.3496159943242977,0.27805702963760465,0.17443177169878366,0.054957262045374225,0.005445686932800268,0.0007072135785007071,1,134,134,gsd_bucket,0.55
very_high,temperature,0.8136482939632546,real,0.7411764705882353,gate_resnet18_temperature,0.8904585007121956,0.8785789232139176,0.5608371727840296,0.8587089939546333,0.836231443966564,0.7886302477839107,0.688186483892242,0.4715154285524218,0.17882886503261458,0.017151906207826324,8.093452397010818e-05,1,1143,1143,gsd_bucket,0.55
very_low,temperature,1.0,real,nan,gate_resnet18_temperature,0.0,,0.0,,,,,,,,,0,87,87,gsd_bucket,0.55
high,temperature,0.7063670411985019,real,0.8932291666666666,gate_resnet18_temperature,0.8309822899374999,0.8194554391729854,0.4733318005480152,0.796150330126144,0.7558113371821119,0.6592304402698337,0.4941701386395088,0.28204343211653116,0.0843698162123141,0.010999265054849506,0.0001055167683731073,1,1335,1335,gsd_bucket,0.6000000000000001
low,temperature,0.9511090991398823,real,0.44086021505376344,gate_resnet18_temperature,0.213709501581963,0.19186794872962423,0.10116071003165475,0.1733045084570543,0.15897549534108749,0.12413353083541251,0.09032875227779671,0.03813111508314443,0.02013400994377744,0.0009520182787509521,7.021978793624044e-05,1,2209,2209,gsd_bucket,0.6000000000000001
medium,temperature,0.884318766066838,real,0.8085106382978723,gate_resnet18_temperature,0.6206726167824433,0.566220213587413,0.30695962998042703,0.5105977747629218,0.4760019260605306,0.4076389950064971,0.3154045960452305,0.1536974650039025,0.017733978253330007,0.0016287343020016285,0.0,1,389,389,gsd_bucket,0.6000000000000001
unknown,temperature,0.7238805970149254,real,0.7551020408163265,gate_resnet18_temperature,0.6066573868882,0.5742731501751618,0.3052717773593461,0.5261517861332922,0.48242049217944516,0.3496159943242977,0.27805702963760465,0.17443177169878366,0.054957262045374225,0.005445686932800268,0.0007072135785007071,1,134,134,gsd_bucket,0.6000000000000001
very_high,temperature,0.821522309711286,real,0.7176470588235294,gate_resnet18_temperature,0.8812093248331972,0.8695524562523662,0.5581010832927099,0.858372861047236,0.8357525793442021,0.7880359904315938,0.6871922441580635,0.46516798277388016,0.17844887637154938,0.017197362058460494,8.115565654926148e-05,1,1143,1143,gsd_bucket,0.6000000000000001
very_low,temperature,1.0,real,nan,gate_resnet18_temperature,0.0,,0.0,,,,,,,,,0,87,87,gsd_bucket,0.6000000000000001
high,temperature,0.7093632958801498,real,0.8880208333333334,gate_resnet18_temperature,0.8309827610652111,0.8194458544331041,0.4733289859513845,0.7961394185224283,0.7558105779200915,0.6592223927287612,0.49416973727173347,0.28204406274221644,0.08437027300707607,0.010999265054849506,0.0001055167683731073,1,1335,1335,gsd_bucket,0.65
low,temperature,0.9551833408782254,real,0.40860215053763443,gate_resnet18_temperature,0.20375718068720539,0.18203771698302956,0.09598796127315432,0.16372796967358383,0.14913983455916954,0.1156072596033059,0.08589206053962516,0.03850252631660563,0.02015107737330372,0.0009900990099009901,7.388798581350672e-05,1,2209,2209,gsd_bucket,0.65
medium,temperature,0.8920308483290489,real,0.8085106382978723,gate_resnet18_temperature,0.6206726167824433,0.566220213587413,0.30695962998042703,0.5105977747629218,0.4760019260605306,0.4076389950064971,0.3154045960452305,0.1536974650039025,0.017733978253330007,0.0016287343020016285,0.0,1,389,389,gsd_bucket,0.65
unknown,temperature,0.7238805970149254,real,0.7551020408163265,gate_resnet18_temperature,0.6066573868882,0.5742731501751618,0.3052717773593461,0.5261517861332922,0.48242049217944516,0.3496159943242977,0.27805702963760465,0.17443177169878366,0.054957262045374225,0.005445686932800268,0.0007072135785007071,1,134,134,gsd_bucket,0.65
very_high,temperature,0.8293963254593176,real,0.6980392156862745,gate_resnet18_temperature,0.88103930608887,0.8693682925007781,0.5570931282894023,0.858142819456464,0.8271532613471158,0.7877632342085276,0.6868406409199206,0.4648489649639828,0.1785022446608331,0.017191252070930616,8.126667659926047e-05,1,1143,1143,gsd_bucket,0.65
very_low,temperature,1.0,real,nan,gate_resnet18_temperature,0.0,,0.0,,,,,,,,,0,87,87,gsd_bucket,0.65
high,temperature,0.7205992509363296,real,0.8619791666666666,gate_resnet18_temperature,0.8215892064912416,0.8101742803125016,0.47060080500790996,0.7960385861332886,0.7472560003719553,0.6592385498750197,0.49417689186589214,0.28203892853405826,0.08438892362790369,0.011001166098865936,0.0001055167683731073,1,1335,1335,gsd_bucket,0.7000000000000001
low,temperature,0.9574468085106383,real,0.3924731182795699,gate_resnet18_temperature,0.19754849510000283,0.18199394449989176,0.09414385895760172,0.16386674808582263,0.1445753295743519,0.11112450293187574,0.08281892202262077,0.03829389090115526,0.02015107737330372,0.0009900990099009901,7.558007709167863e-05,1,2209,2209,gsd_bucket,0.7000000000000001
medium,temperature,0.897172236503856,real,0.8085106382978723,gate_resnet18_temperature,0.6206726167824433,0.566220213587413,0.30695962998042703,0.5105977747629218,0.4760019260605306,0.4076389950064971,0.3154045960452305,0.1536974650039025,0.017733978253330007,0.0016287343020016285,0.0,1,389,389,gsd_bucket,0.7000000000000001
unknown,temperature,0.7313432835820896,real,0.7346938775510204,gate_resnet18_temperature,0.597559615158177,0.5654937882219393,0.30318243825170016,0.5256333098850633,0.4817485476640083,0.3489535251389695,0.27676022964064667,0.17454819794259632,0.054974268354300054,0.005445686932800268,0.0007072135785007071,1,134,134,gsd_bucket,0.7000000000000001
very_high,temperature,0.8390201224846894,real,0.6784313725490196,gate_resnet18_temperature,0.8808995545420818,0.8690924989494884,0.5553425344879394,0.8492868710326762,0.8270084273109044,0.7794530345700981,0.6869094759888382,0.4648335904168617,0.1786546813902914,0.017205721047708976,8.148963044452594e-05,1,1143,1143,gsd_bucket,0.7000000000000001
very_low,temperature,1.0,real,nan,gate_resnet18_temperature,0.0,,0.0,,,,,,,,,0,87,87,gsd_bucket,0.7000000000000001
high,temperature,0.7303370786516854,real,0.8411458333333334,gate_resnet18_temperature,0.8215348629863074,0.8101184729778111,0.47059429274498343,0.7959317999192602,0.7473792305809651,0.6592738444347489,0.4942000100656764,0.28202229273993895,0.08437329406414341,0.011003602912608906,0.0001055167683731073,1,1335,1335,gsd_bucket,0.75
low,temperature,0.9633318243549117,real,0.34946236559139787,gate_resnet18_temperature,0.18765008697784946,0.16660404187102254,0.08990973120238398,0.15397070736426588,0.13665666969141593,0.11053782650722122,0.08341844350204629,0.03913817223018521,0.019988859139997484,0.0010532968190436066,7.920792079207921e-05,1,2209,2209,gsd_bucket,0.75
medium,temperature,0.897172236503856,real,0.8085106382978723,gate_resnet18_temperature,0.6206726167824433,0.566220213587413,0.30695962998042703,0.5105977747629218,0.4760019260605306,0.4076389950064971,0.3154045960452305,0.1536974650039025,0.017733978253330007,0.0016287343020016285,0.0,1,389,389,gsd_bucket,0.75
unknown,temperature,0.7388059701492538,real,0.7142857142857143,gate_resnet18_temperature,0.5973417829126813,0.5650156780946228,0.300166604053566,0.5174093902076569,0.4734961033112924,0.3473543330844679,0.2706119635770791,0.17327735037213277,0.05135658809626954,0.005095637300956373,0.0007072135785007071,1,134,134,gsd_bucket,0.75
very_high,temperature,0.847769028871391,real,0.6509803921568628,gate_resnet18_temperature,0.8611079095808329,0.8495206934273923,0.5432806111400439,0.8297061400433701,0.8075785577040656,0.7687231969217707,0.6689529163089679,0.45582688063410265,0.17409910902386222,0.01720632431773112,8.438343834383438e-05,1,1143,1143,gsd_bucket,0.75
very_low,temperature,1.0,real,nan,gate_resnet18_temperature,0.0,,0.0,,,,,,,,,0,87,87,gsd_bucket,0.75
high,temperature,0.7408239700374532,real,0.8203125,gate_resnet18_temperature,0.8212393612077201,0.8097973929621198,0.4671509055860149,0.7867130060809019,0.7384610040063091,0.651022555899168,0.4872491876412324,0.2816744689275958,0.08424441744619322,0.011002144920535445,0.0001055167683731073,1,1335,1335,gsd_bucket,0.8
low,temperature,0.96831145314622,real,0.3118279569892473,gate_resnet18_temperature,0.17059459657554502,0.1560453918535203,0.08216497959949995,0.13897462479135422,0.1263423160277049,0.09697169173884658,0.07436134159435298,0.037373697331300144,0.019722822937874217,0.0011786892975011785,8.462384700008463e-05,1,2209,2209,gsd_bucket,0.8
medium,temperature,0.9023136246786633,real,0.7659574468085106,gate_resnet18_temperature,0.6123559053589721,0.5649240084231816,0.30371715288643836,0.5032959134371621,0.46861752000211704,0.401144548229338,0.3144735574257002,0.1529729511494166,0.01775745876629863,0.0016296660721972817,0.0,1,389,389,gsd_bucket,0.8
unknown,temperature,0.7388059701492538,real,0.7142857142857143,gate_resnet18_temperature,0.5973417829126813,0.5650156780946228,0.300166604053566,0.5174093902076569,0.4734961033112924,0.3473543330844679,0.2706119635770791,0.17327735037213277,0.05135658809626954,0.005095637300956373,0.0007072135785007071,1,134,134,gsd_bucket,0.8
very_high,temperature,0.8573928258967629,real,0.6196078431372549,gate_resnet18_temperature,0.8415992347113297,0.8301429071983188,0.5318803876419671,0.8189723265889527,0.7882922958678067,0.7506365189477735,0.6522610621859602,0.4485473484516495,0.17081557473171086,0.017449629785080197,8.697795108939884e-05,1,1143,1143,gsd_bucket,0.8
very_low,temperature,1.0,real,nan,gate_resnet18_temperature,0.0,,0.0,,,,,,,,,0,87,87,gsd_bucket,0.8
high,temperature,0.7625468164794007,real,0.7630208333333334,gate_resnet18_temperature,0.8116499039666366,0.8002551716189318,0.4626204638256512,0.7772911462706958,0.7378553850782995,0.6425551323386788,0.4866737688223807,0.2769064326607686,0.08191251322495463,0.010999291332929907,0.00010589294223540001,1,1335,1335,gsd_bucket,0.8500000000000001
low,temperature,0.974649162516976,real,0.25806451612903225,gate_resnet18_temperature,0.16059593886683018,0.14157336624791073,0.07573941940189302,0.1303973872033591,0.11276042941681132,0.08859953170551464,0.06724292489928864,0.033798505006946256,0.020918277948295923,0.0014144271570014143,9.340556697179151e-05,1,2209,2209,gsd_bucket,0.8500000000000001
medium,temperature,0.9125964010282777,real,0.6808510638297872,gate_resnet18_temperature,0.5906689779480233,0.5372242141001056,0.2878360928918267,0.48177509868755963,0.44688105931592287,0.37916111591173723,0.2892108952624576,0.13405472436863763,0.01774332923794591,0.0016415140858777883,0.0,1,389,389,gsd_bucket,0.8500000000000001
unknown,temperature,0.7388059701492538,real,0.7142857142857143,gate_resnet18_temperature,0.5973417829126813,0.5650156780946228,0.300166604053566,0.5174093902076569,0.4734961033112924,0.3473543330844679,0.2706119635770791,0.17327735037213277,0.05135658809626954,0.005095637300956373,0.0007072135785007071,1,134,134,gsd_bucket,0.8500000000000001
very_high,temperature,0.8722659667541557,real,0.5607843137254902,gate_resnet18_temperature,0.8323400049527228,0.8208947438640488,0.5274651248075706,0.8098628308212991,0.78771958191154,0.7418203129221996,0.6514297952446283,0.4423458695228646,0.1707365740071125,0.017414429344546636,8.71054847420226e-05,1,1143,1143,gsd_bucket,0.8500000000000001
very_low,temperature,1.0,real,nan,gate_resnet18_temperature,0.0,,0.0,,,,,,,,,0,87,87,gsd_bucket,0.8500000000000001
high,temperature,0.7775280898876404,real,0.7213541666666666,gate_resnet18_temperature,0.8022856053112134,0.7909968764213193,0.4589736604606041,0.7681133244985253,0.7291739170324659,0.6424813331278402,0.4866374434396714,0.2769259345861011,0.08204042152249132,0.010975286407283071,0.00010646225912913873,1,1335,1335,gsd_bucket,0.9
low,temperature,0.9823449524671797,real,0.1881720430107527,gate_resnet18_temperature,0.12576245557812096,0.11440713302833876,0.06148312795769449,0.10444789392385112,0.09500208927845395,0.0717934898078481,0.054833428220963765,0.028836539404130813,0.017948070317235807,0.0018001800180018003,0.0,1,2209,2209,gsd_bucket,0.9
medium,temperature,0.9203084832904884,real,0.6382978723404256,gate_resnet18_temperature,0.5710379939873945,0.5170738845334071,0.2772115219167042,0.4644508794322915,0.43004485017418725,0.3624957391750594,0.27706891994900634,0.13130431952562813,0.01691125901831357,0.0017273733717543048,0.0,1,389,389,gsd_bucket,0.9
unknown,temperature,0.753731343283582,real,0.673469387755102,gate_resnet18_temperature,0.5662375777733981,0.5253928074952753,0.2812269685342782,0.4858740518632362,0.4414373244399796,0.33013221361007644,0.25471791613728806,0.15883010092333724,0.04453577837971511,0.004350300097476015,0.0007616146230007616,1,134,134,gsd_bucket,0.9
very_high,temperature,0.884514435695538,real,0.5098039215686274,gate_resnet18_temperature,0.7934373980511976,0.7820386730036639,0.5046084942421806,0.7710118499388727,0.7489197118165253,0.7128181847783874,0.6250220544034747,0.4277193429452579,0.1674417184503504,0.01758318725189786,9.282178217821782e-05,1,1143,1143,gsd_bucket,0.9
very_low,temperature,1.0,real,nan,gate_resnet18_temperature,0.0,,0.0,,,,,,,,,0,87,87,gsd_bucket,0.9
high,temperature,0.8104868913857678,real,0.625,gate_resnet18_temperature,0.763329739808955,0.7522634407395837,0.44010266241045226,0.7387354681546251,0.692298838190024,0.6170015876387459,0.4727018412513521,0.27161328965369036,0.08201441336785568,0.010961351905447012,0.00010665339424427183,1,1335,1335,gsd_bucket,0.9500000000000001
low,temperature,0.9900407424173834,real,0.10215053763440861,gate_resnet18_temperature,0.09627075383594699,0.08547694201052196,0.04982425314762669,0.08351928688562352,0.07605028634731605,0.061154223530461155,0.05093491642926868,0.025857496463932105,0.017178445955194598,0.0018001800180018003,0.0,1,2209,2209,gsd_bucket,0.9500000000000001
medium,temperature,0.9305912596401028,real,0.574468085106383,gate_resnet18_temperature,0.5322336639409935,0.4887551441314301,0.25841473898018835,0.43553084578738815,0.4006582765078892,0.33309362985464785,0.25638518757801565,0.11935560865243645,0.01626606192155296,0.0018689714275294932,0.0,1,389,389,gsd_bucket,0.9500000000000001
unknown,temperature,0.7985074626865671,real,0.5510204081632653,gate_resnet18_temperature,0.4718041082714476,0.4511764003380723,0.23454369882124423,0.40302102527914047,0.36882778022374196,0.27429910467312946,0.20974775302067478,0.130869826385861,0.03259937651119813,0.0021915235001761044,0.0009000900090009002,1,134,134,gsd_bucket,0.9500000000000001
very_high,temperature,0.9046369203849519,real,0.42745098039215684,gate_resnet18_temperature,0.7541644693510577,0.7433101564255197,0.48077765854537874,0.7323766872150191,0.7105410009633804,0.6770022706135889,0.5986919125121374,0.4126731250588147,0.1625735486168503,0.016359744358554428,8.367033886487239e-05,1,1143,1143,gsd_bucket,0.9500000000000001
very_low,temperature,1.0,real,nan,gate_resnet18_temperature,0.0,,0.0,,,,,,,,,0,87,87,gsd_bucket,0.9500000000000001
high,temperature,1.0,real,0.0,gate_resnet18_temperature,0.0,0.0,0.0,0.0,0.0,0.0,0.0,0.0,0.0,0.0,0.0,1,1335,1335,gsd_bucket,1.0
low,temperature,1.0,real,0.0,gate_resnet18_temperature,0.0,0.0,0.0,0.0,0.0,0.0,0.0,0.0,0.0,0.0,0.0,1,2209,2209,gsd_bucket,1.0
medium,temperature,1.0,real,0.0,gate_resnet18_temperature,0.0,0.0,0.0,0.0,0.0,0.0,0.0,0.0,0.0,0.0,0.0,1,389,389,gsd_bucket,1.0
unknown,temperature,1.0,real,0.0,gate_resnet18_temperature,0.0,0.0,0.0,0.0,0.0,0.0,0.0,0.0,0.0,0.0,0.0,1,134,134,gsd_bucket,1.0
very_high,temperature,1.0,real,0.0,gate_resnet18_temperature,0.0,0.0,0.0,0.0,0.0,0.0,0.0,0.0,0.0,0.0,0.0,1,1143,1143,gsd_bucket,1.0
very_low,temperature,1.0,real,nan,gate_resnet18_temperature,0.0,,0.0,,,,,,,,,0,87,87,gsd_bucket,1.0
