epoch,time,train/box_loss,train/cls_loss,train/dfl_loss,train/angle_loss,metrics/precision(B),metrics/recall(B),metrics/mAP50(B),metrics/mAP50-95(B),val/box_loss,val/cls_loss,val/dfl_loss,val/angle_loss,lr/pg0,lr/pg1,lr/pg2,lr/pg3,lr/pg4,lr/pg5,lr/pg6,lr/pg7
1,486.535,0.98225,1.5201,1.86377,0.02581,0.93159,0.83482,0.90738,0.70205,0.65575,1.44347,0.86174,0.01636,0.00998478,0.00332826,0.00998478,0.00332826,0.00998478,0.00332826,0.00998478,0.00332826
2,865.65,0.98014,0.70409,1.16179,0.03355,0.89436,0.82961,0.88674,0.64359,0.73899,3.69039,0.80007,0.02583,0.0195891,0.00652969,0.0195891,0.00652969,0.0195891,0.00652969,0.0195891,0.00652969
3,1237.56,1.06475,0.84218,1.11932,0.0413,0.92197,0.77183,0.86537,0.63494,0.81385,2.49624,0.78578,0.03221,0.0287974,0.00959913,0.0287974,0.00959913,0.0287974,0.00959913,0.0287974,0.00959913
4,1594.77,1.07796,0.92353,1.11663,0.03991,0.89886,0.7998,0.87601,0.65194,0.76205,2.12814,0.7897,0.0251,0.028218,0.009406,0.028218,0.009406,0.028218,0.009406,0.028218,0.009406
5,1953.47,1.06609,1.00583,1.12142,0.0365,0.90942,0.80632,0.87274,0.66751,0.74753,4.84135,0.80781,0.02125,0.027624,0.009208,0.027624,0.009208,0.027624,0.009208,0.027624,0.009208
6,2310.66,1.03169,0.839,1.09956,0.03434,0.93384,0.81982,0.89299,0.68649,0.72264,2.64535,0.75128,0.01973,0.02703,0.00901,0.02703,0.00901,0.02703,0.00901,0.02703,0.00901
7,2665.22,1.01728,0.83518,1.09612,0.03357,0.93114,0.81074,0.8913,0.70171,0.71964,1.76712,0.77202,0.0182,0.026436,0.008812,0.026436,0.008812,0.026436,0.008812,0.026436,0.008812
8,3023.41,0.99369,0.79635,1.07708,0.03138,0.92323,0.82726,0.89297,0.70358,0.69321,4.95873,0.75268,0.01779,0.025842,0.008614,0.025842,0.008614,0.025842,0.008614,0.025842,0.008614
9,3381.93,0.98787,0.77486,1.08591,0.03247,0.927,0.80972,0.87822,0.67961,0.70544,4.95106,0.75239,0.01811,0.025248,0.008416,0.025248,0.008416,0.025248,0.008416,0.025248,0.008416
10,3736.61,0.98971,0.78367,1.08688,0.03095,0.93466,0.83074,0.90307,0.70869,0.70386,1.76165,0.74038,0.02092,0.024654,0.008218,0.024654,0.008218,0.024654,0.008218,0.024654,0.008218
11,4093.29,0.94478,0.73024,1.06186,0.02897,0.9407,0.83204,0.9018,0.72249,0.66949,3.94063,0.72952,0.01789,0.02406,0.00802,0.02406,0.00802,0.02406,0.00802,0.02406,0.00802
12,4450.64,0.94765,0.72069,1.05739,0.02791,0.94589,0.83903,0.91233,0.73047,0.65237,1.54908,0.71432,0.02011,0.023466,0.007822,0.023466,0.007822,0.023466,0.007822,0.023466,0.007822
13,4808.87,0.91567,0.68619,1.03751,0.02614,0.9507,0.82527,0.9051,0.72089,0.70236,2.04049,0.7553,0.01753,0.022872,0.007624,0.022872,0.007624,0.022872,0.007624,0.022872,0.007624
14,5165.46,0.92228,0.69031,1.05328,0.02583,0.94226,0.84137,0.90866,0.72694,0.66898,2.07009,0.72731,0.01569,0.022278,0.007426,0.022278,0.007426,0.022278,0.007426,0.022278,0.007426
15,5521.49,0.92327,0.70046,1.05238,0.02639,0.93901,0.84467,0.91024,0.73692,0.6501,2.97657,0.71316,0.0167,0.021684,0.007228,0.021684,0.007228,0.021684,0.007228,0.021684,0.007228
16,5877.37,0.9063,0.66642,1.03992,0.02494,0.9454,0.84105,0.91294,0.73873,0.67214,1.61527,0.72187,0.01603,0.02109,0.00703,0.02109,0.00703,0.02109,0.00703,0.02109,0.00703
17,6235.19,0.88824,0.6443,1.03057,0.02422,0.9372,0.84157,0.91286,0.74472,0.64138,2.02759,0.71105,0.01692,0.020496,0.006832,0.020496,0.006832,0.020496,0.006832,0.020496,0.006832
18,6590.94,0.89666,0.66953,1.04104,0.02531,0.93748,0.83849,0.90823,0.72889,0.63518,2.79174,0.70884,0.01643,0.019902,0.006634,0.019902,0.006634,0.019902,0.006634,0.019902,0.006634
19,6945.88,0.87368,0.6593,1.02356,0.02371,0.94404,0.85019,0.91701,0.74696,0.63201,1.20387,0.7016,0.01653,0.019308,0.006436,0.019308,0.006436,0.019308,0.006436,0.019308,0.006436
20,7301.66,0.86986,0.64229,1.02267,0.0233,0.94304,0.84689,0.91627,0.74317,0.64653,1.5285,0.71428,0.01431,0.018714,0.006238,0.018714,0.006238,0.018714,0.006238,0.018714,0.006238
21,7655.4,0.86959,0.64107,1.02943,0.02372,0.94018,0.8543,0.91758,0.75096,0.63813,1.49129,0.70965,0.01479,0.01812,0.00604,0.01812,0.00604,0.01812,0.00604,0.01812,0.00604
22,8011.52,0.85366,0.61283,1.00572,0.0217,0.93881,0.85166,0.91886,0.74965,0.63257,1.38041,0.70487,0.01454,0.017526,0.005842,0.017526,0.005842,0.017526,0.005842,0.017526,0.005842
23,8367.11,0.84365,0.60041,1.00658,0.02234,0.94236,0.85505,0.91833,0.75058,0.63312,1.47729,0.70916,0.01389,0.016932,0.005644,0.016932,0.005644,0.016932,0.005644,0.016932,0.005644
24,8721.21,0.83374,0.59799,1.01492,0.02147,0.94368,0.85101,0.92023,0.75259,0.60922,1.55465,0.69372,0.01384,0.016338,0.005446,0.016338,0.005446,0.016338,0.005446,0.016338,0.005446
25,9077.72,0.83711,0.59358,1.01589,0.02032,0.9456,0.85852,0.92046,0.75772,0.6168,1.71911,0.69864,0.01307,0.015744,0.005248,0.015744,0.005248,0.015744,0.005248,0.015744,0.005248
26,9432.64,0.82313,0.58721,1.00655,0.02134,0.94428,0.85209,0.91731,0.75741,0.61102,1.41057,0.69586,0.01447,0.01515,0.00505,0.01515,0.00505,0.01515,0.00505,0.01515,0.00505
27,9787.29,0.81902,0.58338,0.99682,0.02112,0.94714,0.84946,0.91849,0.76056,0.61051,1.34225,0.69528,0.01556,0.014556,0.004852,0.014556,0.004852,0.014556,0.004852,0.014556,0.004852
28,10143,0.80176,0.54853,0.98567,0.01964,0.94586,0.85549,0.92176,0.76068,0.60726,1.30333,0.69582,0.01396,0.013962,0.004654,0.013962,0.004654,0.013962,0.004654,0.013962,0.004654
29,10497.5,0.80199,0.56179,1.00216,0.01993,0.93999,0.85951,0.92183,0.76187,0.60456,1.31396,0.68709,0.01395,0.013368,0.004456,0.013368,0.004456,0.013368,0.004456,0.013368,0.004456
30,10852.4,0.78414,0.55599,0.98892,0.01849,0.9378,0.86012,0.92031,0.7555,0.6056,1.33474,0.68633,0.0153,0.012774,0.004258,0.012774,0.004258,0.012774,0.004258,0.012774,0.004258
31,11206.9,0.79678,0.55276,1.00184,0.01978,0.94366,0.85803,0.92062,0.75656,0.60725,1.29517,0.69845,0.01517,0.01218,0.00406,0.01218,0.00406,0.01218,0.00406,0.01218,0.00406
32,11562.2,0.78532,0.5437,0.98801,0.01898,0.94183,0.85611,0.92091,0.76061,0.61259,1.37162,0.69377,0.01407,0.011586,0.003862,0.011586,0.003862,0.011586,0.003862,0.011586,0.003862
33,11916.9,0.77304,0.52399,0.9857,0.01824,0.94709,0.85405,0.92152,0.76295,0.60369,1.15123,0.68953,0.01364,0.010992,0.003664,0.010992,0.003664,0.010992,0.003664,0.010992,0.003664
34,12272,0.76437,0.53522,0.98691,0.01837,0.94126,0.86347,0.92464,0.76683,0.59074,1.17268,0.68447,0.01459,0.010398,0.003466,0.010398,0.003466,0.010398,0.003466,0.010398,0.003466
35,12628.2,0.73907,0.49769,0.96332,0.01647,0.94121,0.86295,0.92307,0.76666,0.59788,1.23234,0.68753,0.01429,0.009804,0.003268,0.009804,0.003268,0.009804,0.003268,0.009804,0.003268
36,12982.8,0.74944,0.51047,0.9764,0.01789,0.94436,0.86,0.92213,0.76252,0.60483,1.24592,0.6883,0.01391,0.00921,0.00307,0.00921,0.00307,0.00921,0.00307,0.00921,0.00307
37,13338.7,0.73997,0.49395,0.96888,0.01678,0.94577,0.85926,0.92372,0.76867,0.59886,1.11581,0.68805,0.01489,0.008616,0.002872,0.008616,0.002872,0.008616,0.002872,0.008616,0.002872
38,13694.9,0.728,0.48295,0.96676,0.01591,0.94967,0.85606,0.92523,0.7691,0.60598,1.0874,0.68731,0.01422,0.008022,0.002674,0.008022,0.002674,0.008022,0.002674,0.008022,0.002674
39,14051.7,0.72028,0.47992,0.96026,0.01591,0.94801,0.85743,0.92438,0.76721,0.59306,1.19701,0.68014,0.01543,0.007428,0.002476,0.007428,0.002476,0.007428,0.002476,0.007428,0.002476
40,14407.2,0.71875,0.48834,0.96105,0.01574,0.94712,0.85526,0.92393,0.76783,0.58112,1.22462,0.67472,0.01197,0.006834,0.002278,0.006834,0.002278,0.006834,0.002278,0.006834,0.002278
41,14760,0.74149,0.53146,0.98651,0.01478,0.95049,0.85432,0.92424,0.76874,0.58918,0.89029,0.6842,0.01322,0.00624,0.00208,0.00624,0.00208,0.00624,0.00208,0.00624,0.00208
42,15110.7,0.72201,0.49391,0.97026,0.01428,0.94933,0.85435,0.92427,0.76808,0.59094,1.0666,0.67949,0.01155,0.005646,0.001882,0.005646,0.001882,0.005646,0.001882,0.005646,0.001882
43,15461.7,0.70751,0.47804,0.96427,0.01445,0.94444,0.85829,0.9242,0.77035,0.59923,0.99196,0.68306,0.01475,0.005052,0.001684,0.005052,0.001684,0.005052,0.001684,0.005052,0.001684
44,15812.3,0.69673,0.47812,0.95612,0.01286,0.94652,0.85574,0.92283,0.76886,0.5973,1.06158,0.68128,0.01504,0.004458,0.001486,0.004458,0.001486,0.004458,0.001486,0.004458,0.001486
45,16162.9,0.68459,0.47141,0.95756,0.01286,0.94703,0.85544,0.9225,0.77092,0.59528,0.99345,0.68205,0.0149,0.003864,0.001288,0.003864,0.001288,0.003864,0.001288,0.003864,0.001288
46,16513.2,0.67953,0.45955,0.95969,0.01412,0.94786,0.85312,0.92234,0.76998,0.59668,1.01557,0.68519,0.01546,0.00327,0.00109,0.00327,0.00109,0.00327,0.00109,0.00327,0.00109
47,16862.9,0.67876,0.45475,0.95609,0.01438,0.94705,0.85539,0.92304,0.76976,0.59988,1.07379,0.6879,0.01522,0.002676,0.000892,0.002676,0.000892,0.002676,0.000892,0.002676,0.000892
48,17212,0.65895,0.43018,0.93701,0.01307,0.94651,0.85492,0.9229,0.76946,0.6008,1.08648,0.68738,0.0149,0.002082,0.000694,0.002082,0.000694,0.002082,0.000694,0.002082,0.000694
49,17561.1,0.65231,0.42609,0.93755,0.01195,0.94481,0.85717,0.92258,0.76964,0.60119,1.07862,0.68644,0.01489,0.001488,0.000496,0.001488,0.000496,0.001488,0.000496,0.001488,0.000496
50,17910.3,0.644,0.41507,0.93849,0.01242,0.94575,0.856,0.9228,0.77043,0.59671,1.09276,0.6835,0.01542,0.000894,0.000298,0.000894,0.000298,0.000894,0.000298,0.000894,0.000298
