bucket,calibration,filter_rate,gate,gate_recall_on_positive_tiles,label,mAP@0.50,mAP@0.55,mAP@0.5:0.95,mAP@0.60,mAP@0.65,mAP@0.70,mAP@0.75,mAP@0.80,mAP@0.85,mAP@0.90,mAP@0.95,n_classes,n_gt_tiles,n_tiles,skipped,stratum,threshold
GF,temperature,0.0,real,1.0,gate_planes_resnet18_temperature,0.9117950859655064,0.8927839207360801,0.6151144031330341,0.8927839207360801,0.8635521048154634,0.8461611703575014,0.7986271963573514,0.5923583553667385,0.32359103355689456,0.027968014192723618,0.0015232292460015233,1,715,715,,imagesource,0.0
GoogleEarth,temperature,0.0,real,1.0,gate_planes_resnet18_temperature,0.9357598062808105,0.9250896717040428,0.6360307450866072,0.9039389105426703,0.8714332415694234,0.8328862972199484,0.7575812070446645,0.6181104150386765,0.38843309579224095,0.12398476020735585,0.0030900454662390517,1,3317,3317,,imagesource,0.0
JL,temperature,0.0,real,1.0,gate_planes_resnet18_temperature,0.6192153217713985,0.595013192292892,0.30348466134216334,0.545695360100428,0.4752246383464852,0.37150127736103344,0.2665198476665011,0.12618315987000803,0.0307537754625695,0.0047400405503178825,0.0,1,1265,1265,,imagesource,0.0
unknown,temperature,,real,,gate_planes_resnet18_temperature,,,,,,,,,,,,,0,0,1.0,imagesource,0.0
GF,temperature,0.9636363636363636,real,0.6153846153846154,gate_planes_resnet18_temperature,0.8488330975954738,0.8295588179507606,0.5728213661495951,0.8295588179507606,0.8012467913458012,0.7872147758993586,0.7430094657817431,0.5467321196238917,0.3100965559847505,0.030163039345409193,0.0018001800180018003,1,715,715,,imagesource,0.05
GoogleEarth,temperature,0.7304793488091649,real,0.9661290322580646,gate_planes_resnet18_temperature,0.9162389126174219,0.9056040859958621,0.6248794427513713,0.8844942280931211,0.8523522999827571,0.81584890366295,0.7499666127911351,0.6120856242996521,0.3846922956339706,0.12442141897060442,0.0030900454662390517,1,3317,3317,,imagesource,0.05
JL,temperature,0.857707509881423,real,0.7454545454545455,gate_planes_resnet18_temperature,0.5181571033375213,0.5086911146229892,0.2676497675151122,0.4739623263791139,0.42737132679666695,0.34018037898236725,0.25447689575428456,0.11952240078367328,0.029290453364379083,0.004845675130126442,0.0,1,1265,1265,,imagesource,0.05
unknown,temperature,,real,,gate_planes_resnet18_temperature,,,,,,,,,,,,,0,0,1.0,imagesource,0.05
GF,temperature,0.9832167832167832,real,0.5384615384615384,gate_planes_resnet18_temperature,0.8302163549688302,0.8196333369600697,0.5635061825581864,0.8196333369600697,0.7909367859862909,0.7680724803249556,0.7334031480071085,0.530792227762365,0.3104109352487639,0.030163039345409193,0.0018001800180018003,1,715,715,,imagesource,0.1
GoogleEarth,temperature,0.7681640036177269,real,0.9564516129032258,gate_planes_resnet18_temperature,0.9162367361280812,0.9055942245319724,0.6248768719348661,0.8844885897817645,0.8523392437963307,0.8158507126204319,0.7499698281196135,0.6120856242996521,0.3846922956339706,0.12442141897060442,0.0030900454662390517,1,3317,3317,,imagesource,0.1
JL,temperature,0.916205533596838,real,0.6909090909090909,gate_planes_resnet18_temperature,0.49936018848190233,0.4984198096603455,0.2604470221315581,0.4555483627950603,0.419224104746707,0.33302167091595986,0.24891397055799805,0.11582959329538943,0.029303394707310866,0.004849126154908252,0.0,1,1265,1265,,imagesource,0.1
unknown,temperature,,real,,gate_planes_resnet18_temperature,,,,,,,,,,,,,0,0,1.0,imagesource,0.1
GF,temperature,0.9846153846153847,real,0.5384615384615384,gate_planes_resnet18_temperature,0.8302163549688302,0.8196333369600697,0.5635061825581864,0.8196333369600697,0.7909367859862909,0.7680724803249556,0.7334031480071085,0.530792227762365,0.3104109352487639,0.030163039345409193,0.0018001800180018003,1,715,715,,imagesource,0.15000000000000002
GoogleEarth,temperature,0.7874585468797106,real,0.9435483870967742,gate_planes_resnet18_temperature,0.8967841272403514,0.8861446177674949,0.6174030579863143,0.865128067003648,0.8421368679125663,0.8069285745616546,0.744674537782986,0.6160423811875473,0.3880074686963189,0.12509389224433798,0.0030900454662390517,1,3317,3317,,imagesource,0.15000000000000002
JL,temperature,0.9359683794466404,real,0.6181818181818182,gate_planes_resnet18_temperature,0.4300760706023459,0.4209770370687456,0.23009992603323423,0.3978763767040644,0.36239491251893713,0.3097085509995305,0.22482785808732053,0.11793434558139736,0.032178271316603384,0.005025837453398228,0.0,1,1265,1265,,imagesource,0.15000000000000002
unknown,temperature,,real,,gate_planes_resnet18_temperature,,,,,,,,,,,,,0,0,1.0,imagesource,0.15000000000000002
GF,temperature,0.986013986013986,real,0.5384615384615384,gate_planes_resnet18_temperature,0.8302163549688302,0.8196333369600697,0.5635061825581864,0.8196333369600697,0.7909367859862909,0.7680724803249556,0.7334031480071085,0.530792227762365,0.3104109352487639,0.030163039345409193,0.0018001800180018003,1,715,715,,imagesource,0.2
GoogleEarth,temperature,0.796804341272234,real,0.9370967741935484,gate_planes_resnet18_temperature,0.8967051493523456,0.8861246056425542,0.6166091940660037,0.8651182935691926,0.8420653857000462,0.7987117334202496,0.7448212361524352,0.6162543158799522,0.38809113894181974,0.1251100365352026,0.0030900454662390517,1,3317,3317,,imagesource,0.2
JL,temperature,0.9430830039525692,real,0.6181818181818182,gate_planes_resnet18_temperature,0.4300760706023459,0.4209770370687456,0.23009992603323423,0.3978763767040644,0.36239491251893713,0.3097085509995305,0.22482785808732053,0.11793434558139736,0.032178271316603384,0.005025837453398228,0.0,1,1265,1265,,imagesource,0.2
unknown,temperature,,real,,gate_planes_resnet18_temperature,,,,,,,,,,,,,0,0,1.0,imagesource,0.2
GF,temperature,0.9874125874125874,real,0.5384615384615384,gate_planes_resnet18_temperature,0.8302163549688302,0.8196333369600697,0.5635061825581864,0.8196333369600697,0.7909367859862909,0.7680724803249556,0.7334031480071085,0.530792227762365,0.3104109352487639,0.030163039345409193,0.0018001800180018003,1,715,715,,imagesource,0.25
GoogleEarth,temperature,0.8037383177570093,real,0.932258064516129,gate_planes_resnet18_temperature,0.8966619731902211,0.8860801068557644,0.6165486414962007,0.8650692245698373,0.8419839820404643,0.798662572203002,0.7446591876006795,0.6160969554619702,0.38808964367458604,0.12509272389924253,0.0030900454662390517,1,3317,3317,,imagesource,0.25
JL,temperature,0.9525691699604744,real,0.5818181818181818,gate_planes_resnet18_temperature,0.39157251946352334,0.3821039887861451,0.21285843612492455,0.36012099703532746,0.3355657535678541,0.28782935099140444,0.21360297613765608,0.12011569912074598,0.032586266530158774,0.00508680961643017,0.0,1,1265,1265,,imagesource,0.25
unknown,temperature,,real,,gate_planes_resnet18_temperature,,,,,,,,,,,,,0,0,1.0,imagesource,0.25
GF,temperature,0.9874125874125874,real,0.5384615384615384,gate_planes_resnet18_temperature,0.8302163549688302,0.8196333369600697,0.5635061825581864,0.8196333369600697,0.7909367859862909,0.7680724803249556,0.7334031480071085,0.530792227762365,0.3104109352487639,0.030163039345409193,0.0018001800180018003,1,715,715,,imagesource,0.30000000000000004
GoogleEarth,temperature,0.8094663852879108,real,0.9274193548387096,gate_planes_resnet18_temperature,0.8965985893806753,0.886028030364256,0.6156740490091968,0.8650265572199718,0.833407804316508,0.798607607149421,0.744622217488146,0.6161322716865527,0.3881281225780152,0.12509924444218146,0.0030900454662390517,1,3317,3317,,imagesource,0.30000000000000004
JL,temperature,0.9573122529644269,real,0.5454545454545454,gate_planes_resnet18_temperature,0.3622300900063415,0.3617402009289727,0.2035626896014755,0.334844662896327,0.31970953150379866,0.28465040536627567,0.21199520158180196,0.12206375574372076,0.03324308244151149,0.005149965546005149,0.0,1,1265,1265,,imagesource,0.30000000000000004
unknown,temperature,,real,,gate_planes_resnet18_temperature,,,,,,,,,,,,,0,0,1.0,imagesource,0.30000000000000004
GF,temperature,0.9888111888111888,real,0.5384615384615384,gate_planes_resnet18_temperature,0.8302163549688302,0.8196333369600697,0.5635061825581864,0.8196333369600697,0.7909367859862909,0.7680724803249556,0.7334031480071085,0.530792227762365,0.3104109352487639,0.030163039345409193,0.0018001800180018003,1,715,715,,imagesource,0.35000000000000003
GoogleEarth,temperature,0.8148929755803437,real,0.9241935483870968,gate_planes_resnet18_temperature,0.8965947218258006,0.8860079746001455,0.6156715900545342,0.8650168710014626,0.8334010927170947,0.7986088880005475,0.7446313618048952,0.6161369629252313,0.3881281225780152,0.1250998596259093,0.0030900454662390517,1,3317,3317,,imagesource,0.35000000000000003
JL,temperature,0.9596837944664032,real,0.5272727272727272,gate_planes_resnet18_temperature,0.3528007148308984,0.35250865225654926,0.19998664789159834,0.33428990384986207,0.31113449975270785,0.2836529162396038,0.2108736079666609,0.11564679637130341,0.03378065037880428,0.005178737269593414,0.0,1,1265,1265,,imagesource,0.35000000000000003
unknown,temperature,,real,,gate_planes_resnet18_temperature,,,,,,,,,,,,,0,0,1.0,imagesource,0.35000000000000003
GF,temperature,0.9888111888111888,real,0.5384615384615384,gate_planes_resnet18_temperature,0.8302163549688302,0.8196333369600697,0.5635061825581864,0.8196333369600697,0.7909367859862909,0.7680724803249556,0.7334031480071085,0.530792227762365,0.3104109352487639,0.030163039345409193,0.0018001800180018003,1,715,715,,imagesource,0.4
GoogleEarth,temperature,0.8185107024419657,real,0.917741935483871,gate_planes_resnet18_temperature,0.8965495693007303,0.8859962440798167,0.6156831229280175,0.8649710869170376,0.8333784348476324,0.7986305599232867,0.7447432775528399,0.6162126262189177,0.38815379522665694,0.12510558974701888,0.0030900454662390517,1,3317,3317,,imagesource,0.4
JL,temperature,0.9636363636363636,real,0.509090909090909,gate_planes_resnet18_temperature,0.35265624188996814,0.35206532047614203,0.19978923262269938,0.3339265870372322,0.310848520454244,0.2833928991536383,0.21032379754264982,0.11569626077720346,0.03379747449112205,0.005185224404793421,0.0,1,1265,1265,,imagesource,0.4
unknown,temperature,,real,,gate_planes_resnet18_temperature,,,,,,,,,,,,,0,0,1.0,imagesource,0.4
GF,temperature,0.9888111888111888,real,0.5384615384615384,gate_planes_resnet18_temperature,0.8302163549688302,0.8196333369600697,0.5635061825581864,0.8196333369600697,0.7909367859862909,0.7680724803249556,0.7334031480071085,0.530792227762365,0.3104109352487639,0.030163039345409193,0.0018001800180018003,1,715,715,,imagesource,0.45
GoogleEarth,temperature,0.8209225203497136,real,0.9129032258064517,gate_planes_resnet18_temperature,0.8965088456952446,0.8859673903028632,0.6156478429073978,0.8649087461370225,0.833364702012611,0.7986324771423323,0.7446355724850392,0.61611126485895,0.38815379522665694,0.12510558974701888,0.0030900454662390517,1,3317,3317,,imagesource,0.45
JL,temperature,0.9660079051383399,real,0.509090909090909,gate_planes_resnet18_temperature,0.35265624188996814,0.35206532047614203,0.19978923262269938,0.3339265870372322,0.310848520454244,0.2833928991536383,0.21032379754264982,0.11569626077720346,0.03379747449112205,0.005185224404793421,0.0,1,1265,1265,,imagesource,0.45
unknown,temperature,,real,,gate_planes_resnet18_temperature,,,,,,,,,,,,,0,0,1.0,imagesource,0.45
GF,temperature,0.9888111888111888,real,0.5384615384615384,gate_planes_resnet18_temperature,0.8302163549688302,0.8196333369600697,0.5635061825581864,0.8196333369600697,0.7909367859862909,0.7680724803249556,0.7334031480071085,0.530792227762365,0.3104109352487639,0.030163039345409193,0.0018001800180018003,1,715,715,,imagesource,0.5
GoogleEarth,temperature,0.8233343382574616,real,0.9096774193548387,gate_planes_resnet18_temperature,0.8872206438058594,0.876736586574976,0.6113508198468198,0.8558846027814067,0.8331501957178407,0.7983354873711078,0.7367187478095547,0.6091562750420618,0.38814992300487805,0.12506569089427555,0.0030900454662390517,1,3317,3317,,imagesource,0.5
JL,temperature,0.966798418972332,real,0.509090909090909,gate_planes_resnet18_temperature,0.35265624188996814,0.35206532047614203,0.19978923262269938,0.3339265870372322,0.310848520454244,0.2833928991536383,0.21032379754264982,0.11569626077720346,0.03379747449112205,0.005185224404793421,0.0,1,1265,1265,,imagesource,0.5
unknown,temperature,,real,,gate_planes_resnet18_temperature,,,,,,,,,,,,,0,0,1.0,imagesource,0.5
GF,temperature,0.9902097902097902,real,0.5384615384615384,gate_planes_resnet18_temperature,0.8302163549688302,0.8196333369600697,0.5635061825581864,0.8196333369600697,0.7909367859862909,0.7680724803249556,0.7334031480071085,0.530792227762365,0.3104109352487639,0.030163039345409193,0.0018001800180018003,1,715,715,,imagesource,0.55
GoogleEarth,temperature,0.825444678926741,real,0.9064516129032258,gate_planes_resnet18_temperature,0.8872311782315234,0.8767449626829663,0.611355178008099,0.8558929428882047,0.8331582675047191,0.7983412780698821,0.7367206345855294,0.6091562750420618,0.38814992300487805,0.12506627260498585,0.0030900454662390517,1,3317,3317,,imagesource,0.55
JL,temperature,0.9731225296442688,real,0.45454545454545453,gate_planes_resnet18_temperature,0.33383972243378185,0.3332908891850724,0.19358779235263,0.31753359951379756,0.3074987993304825,0.2796072291457696,0.20642795938549574,0.11717881582650876,0.035201340287011246,0.005299568418380299,0.0,1,1265,1265,,imagesource,0.55
unknown,temperature,,real,,gate_planes_resnet18_temperature,,,,,,,,,,,,,0,0,1.0,imagesource,0.55
GF,temperature,0.9902097902097902,real,0.5384615384615384,gate_planes_resnet18_temperature,0.8302163549688302,0.8196333369600697,0.5635061825581864,0.8196333369600697,0.7909367859862909,0.7680724803249556,0.7334031480071085,0.530792227762365,0.3104109352487639,0.030163039345409193,0.0018001800180018003,1,715,715,,imagesource,0.6000000000000001
GoogleEarth,temperature,0.826650587880615,real,0.9032258064516129,gate_planes_resnet18_temperature,0.8870060953261297,0.8765043442560982,0.6110997437814079,0.8556272465751155,0.8327684921535932,0.7979868568457763,0.736346494009472,0.608778096310287,0.3879946917243192,0.12489507514704816,0.0030900454662390517,1,3317,3317,,imagesource,0.6000000000000001
JL,temperature,0.9739130434782609,real,0.45454545454545453,gate_planes_resnet18_temperature,0.33383972243378185,0.3332908891850724,0.19358779235263,0.31753359951379756,0.3074987993304825,0.2796072291457696,0.20642795938549574,0.11717881582650876,0.035201340287011246,0.005299568418380299,0.0,1,1265,1265,,imagesource,0.6000000000000001
unknown,temperature,,real,,gate_planes_resnet18_temperature,,,,,,,,,,,,,0,0,1.0,imagesource,0.6000000000000001
GF,temperature,0.9902097902097902,real,0.5384615384615384,gate_planes_resnet18_temperature,0.8302163549688302,0.8196333369600697,0.5635061825581864,0.8196333369600697,0.7909367859862909,0.7680724803249556,0.7334031480071085,0.530792227762365,0.3104109352487639,0.030163039345409193,0.0018001800180018003,1,715,715,,imagesource,0.65
GoogleEarth,temperature,0.8287609285498945,real,0.8983870967741936,gate_planes_resnet18_temperature,0.8866661081626694,0.8761461733535153,0.6092073456453078,0.8552231776438645,0.8236935986294113,0.7890552933925421,0.7361232761556858,0.6089616783048625,0.3881595470406894,0.12495455830359811,0.0030900454662390517,1,3317,3317,,imagesource,0.65
JL,temperature,0.9739130434782609,real,0.45454545454545453,gate_planes_resnet18_temperature,0.33383972243378185,0.3332908891850724,0.19358779235263,0.31753359951379756,0.3074987993304825,0.2796072291457696,0.20642795938549574,0.11717881582650876,0.035201340287011246,0.005299568418380299,0.0,1,1265,1265,,imagesource,0.65
unknown,temperature,,real,,gate_planes_resnet18_temperature,,,,,,,,,,,,,0,0,1.0,imagesource,0.65
GF,temperature,0.9902097902097902,real,0.5384615384615384,gate_planes_resnet18_temperature,0.8302163549688302,0.8196333369600697,0.5635061825581864,0.8196333369600697,0.7909367859862909,0.7680724803249556,0.7334031480071085,0.530792227762365,0.3104109352487639,0.030163039345409193,0.0018001800180018003,1,715,715,,imagesource,0.7000000000000001
GoogleEarth,temperature,0.8305697919807055,real,0.8919354838709678,gate_planes_resnet18_temperature,0.8773104934959096,0.8668028380488538,0.6050654625353987,0.8460114544536467,0.8232728408783001,0.7884936268717749,0.727728343705497,0.6083422773149665,0.3870915088430031,0.12251119627579604,0.0030900454662390517,1,3317,3317,,imagesource,0.7000000000000001
JL,temperature,0.974703557312253,real,0.45454545454545453,gate_planes_resnet18_temperature,0.3339157364868,0.33344310299996605,0.19363251912475907,0.3176070584725966,0.30757576080814286,0.27967584856268934,0.20642795938549574,0.11717881582650876,0.035201340287011246,0.005299568418380299,0.0,1,1265,1265,,imagesource,0.7000000000000001
unknown,temperature,,real,,gate_planes_resnet18_temperature,,,,,,,,,,,,,0,0,1.0,imagesource,0.7000000000000001
GF,temperature,0.9902097902097902,real,0.5384615384615384,gate_planes_resnet18_temperature,0.8302163549688302,0.8196333369600697,0.5635061825581864,0.8196333369600697,0.7909367859862909,0.7680724803249556,0.7334031480071085,0.530792227762365,0.3104109352487639,0.030163039345409193,0.0018001800180018003,1,715,715,,imagesource,0.75
GoogleEarth,temperature,0.8335845643653904,real,0.8774193548387097,gate_planes_resnet18_temperature,0.8771460239931861,0.8666490288700521,0.6049413488132822,0.8458655473548661,0.8230352967976138,0.7884128010529159,0.727755910660677,0.608122047791716,0.3869313163808553,0.12240366192796336,0.003091853302977356,1,3317,3317,,imagesource,0.75
JL,temperature,0.9762845849802372,real,0.43636363636363634,gate_planes_resnet18_temperature,0.32410927874337236,0.3237774253658429,0.19006844334655829,0.307959076546029,0.3065614178652103,0.27054612384108073,0.2087410309417869,0.11834730992161689,0.03532057960573861,0.005322190634905075,0.0,1,1265,1265,,imagesource,0.75
unknown,temperature,,real,,gate_planes_resnet18_temperature,,,,,,,,,,,,,0,0,1.0,imagesource,0.75
GF,temperature,0.9902097902097902,real,0.5384615384615384,gate_planes_resnet18_temperature,0.8302163549688302,0.8196333369600697,0.5635061825581864,0.8196333369600697,0.7909367859862909,0.7680724803249556,0.7334031480071085,0.530792227762365,0.3104109352487639,0.030163039345409193,0.0018001800180018003,1,715,715,,imagesource,0.8
GoogleEarth,temperature,0.8356949050346699,real,0.8709677419354839,gate_planes_resnet18_temperature,0.8770491124037912,0.8665477648837617,0.6036122229632148,0.845688737312253,0.8227747620432122,0.7881584711273671,0.7275354684774804,0.6012058701849725,0.38165772194807734,0.12241246794825619,0.003091853302977356,1,3317,3317,,imagesource,0.8
JL,temperature,0.9802371541501976,real,0.38181818181818183,gate_planes_resnet18_temperature,0.2742025195146625,0.27372839510671715,0.15965214191558066,0.2622141587223738,0.2521572816287702,0.22931097981975304,0.16926788832729428,0.10297871560247797,0.02771098538425271,0.0049504950495049506,0.0,1,1265,1265,,imagesource,0.8
unknown,temperature,,real,,gate_planes_resnet18_temperature,,,,,,,,,,,,,0,0,1.0,imagesource,0.8
GF,temperature,0.9916083916083916,real,0.46153846153846156,gate_planes_resnet18_temperature,0.7702970297029704,0.7506981467377507,0.5290133981633817,0.7506981467377507,0.7215346534653465,0.7215346534653465,0.6872187218721872,0.5349378127181489,0.3203175616915499,0.03109707522476385,0.0018001800180018003,1,715,715,,imagesource,0.8500000000000001
GoogleEarth,temperature,0.8387096774193549,real,0.8564516129032258,gate_planes_resnet18_temperature,0.8673630973611341,0.8569114381177513,0.5989706805890173,0.8361127253967126,0.8134228607571755,0.7790075102689282,0.7267166581225211,0.6017175931059761,0.38247871352728585,0.12287521304601494,0.003100996186672992,1,3317,3317,,imagesource,0.8500000000000001
JL,temperature,0.983399209486166,real,0.3090909090909091,gate_planes_resnet18_temperature,0.2566692740525908,0.2469644638882493,0.1499370470442978,0.24506030808121065,0.23497128282154092,0.21347638750215675,0.16714639506803947,0.10084758261037169,0.029187212838930953,0.0050475635798874,0.0,1,1265,1265,,imagesource,0.8500000000000001
unknown,temperature,,real,,gate_planes_resnet18_temperature,,,,,,,,,,,,,0,0,1.0,imagesource,0.8500000000000001
GF,temperature,0.9916083916083916,real,0.46153846153846156,gate_planes_resnet18_temperature,0.7702970297029704,0.7506981467377507,0.5290133981633817,0.7506981467377507,0.7215346534653465,0.7215346534653465,0.6872187218721872,0.5349378127181489,0.3203175616915499,0.03109707522476385,0.0018001800180018003,1,715,715,,imagesource,0.9
GoogleEarth,temperature,0.8423274042809767,real,0.8387096774193549,gate_planes_resnet18_temperature,0.8578653174592489,0.8564290038880671,0.5953018506695443,0.8355896014710137,0.8041942639696944,0.7700738305139809,0.7183905506538455,0.6016328173159852,0.38272385741155274,0.12301826782538158,0.003100996186672992,1,3317,3317,,imagesource,0.9
JL,temperature,0.9881422924901185,real,0.21818181818181817,gate_planes_resnet18_temperature,0.1188118811881188,0.11834040546911834,0.06984605875677016,0.1081292339760292,0.1081292339760292,0.10753864860170226,0.07776040761970933,0.045565147647769706,0.01088529905622141,0.0033003300330033,0.0,1,1265,1265,,imagesource,0.9
unknown,temperature,,real,,gate_planes_resnet18_temperature,,,,,,,,,,,,,0,0,1.0,imagesource,0.9
GF,temperature,0.993006993006993,real,0.38461538461538464,gate_planes_resnet18_temperature,0.5815528921313184,0.5617754083100618,0.40643427497752666,0.5617754083100618,0.544004400440044,0.544004400440044,0.5085508550855085,0.4436138613861386,0.2842778690824548,0.030827258550030826,0.0039603960396039604,1,715,715,,imagesource,0.9500000000000001
GoogleEarth,temperature,0.8543864938197167,real,0.7774193548387097,gate_planes_resnet18_temperature,0.8183867486740521,0.8171661805420344,0.5706896618910037,0.7964015748900192,0.773862064854491,0.7404314382262046,0.6896900151890389,0.5755520288758422,0.3696130335054495,0.12269253796623238,0.003100996186672992,1,3317,3317,,imagesource,0.9500000000000001
JL,temperature,0.9920948616600791,real,0.16363636363636364,gate_planes_resnet18_temperature,0.09900990099009901,0.09871869539895166,0.06089625972627081,0.08815075055892685,0.08815075055892685,0.08815075055892685,0.08316361590076057,0.04873533571844579,0.01158246754466718,0.0033003300330033,0.0,1,1265,1265,,imagesource,0.9500000000000001
unknown,temperature,,real,,gate_planes_resnet18_temperature,,,,,,,,,,,,,0,0,1.0,imagesource,0.9500000000000001
GF,temperature,1.0,real,0.0,gate_planes_resnet18_temperature,0.0,0.0,0.0,0.0,0.0,0.0,0.0,0.0,0.0,0.0,0.0,1,715,715,,imagesource,1.0
GoogleEarth,temperature,1.0,real,0.0,gate_planes_resnet18_temperature,0.0,0.0,0.0,0.0,0.0,0.0,0.0,0.0,0.0,0.0,0.0,1,3317,3317,,imagesource,1.0
JL,temperature,1.0,real,0.0,gate_planes_resnet18_temperature,0.0,0.0,0.0,0.0,0.0,0.0,0.0,0.0,0.0,0.0,0.0,1,1265,1265,,imagesource,1.0
unknown,temperature,,real,,gate_planes_resnet18_temperature,,,,,,,,,,,,,0,0,1.0,imagesource,1.0
